feature_1,feature_2,feature_3,feature_4,feature_5,feature_6,feature_7,feature_8,target
-0.14409,-0.172904,-0.111316,0.701984,-0.127588,-1.497353,0.332318,-0.267337,negative
0.115885,0.232298,1.163559,0.656637,0.110507,-0.738322,-1.014662,0.246342,positive
0.041657,-0.106323,0.531776,-1.453545,-0.312277,0.490363,0.873404,-0.24063,positive
0.248213,0.782327,-1.113222,0.568251,-1.51452,-2.619945,-0.606891,-0.91581,negative
0.664266,-1.219075,0.847361,-1.002203,-0.086244,-0.2939,0.11442,0.818636,positive
0.349885,0.649948,0.478492,-0.626985,-0.717371,-0.469968,0.499326,-0.250116,positive
-0.819293,-1.098875,0.768474,1.42185,0.505693,0.835817,1.426345,-0.094027,positive
-0.532077,0.952896,-1.443678,0.033531,0.253237,-0.315592,0.723632,0.58078,negative
0.619968,-0.609403,-0.561798,-0.831581,0.952274,-0.566833,-0.070261,0.749303,negative
-0.293658,-1.841286,-1.082479,-0.567736,0.415761,1.193493,-0.018467,0.261364,positive
1.084741,0.893355,0.273693,-1.010944,0.903385,0.381047,1.226942,-0.029907,positive
-0.358876,1.59306,0.115119,-0.516269,-1.128448,-0.151031,1.423321,0.816374,negative
-2.375873,0.710964,0.555852,-0.549926,-0.627384,-0.00231,1.724876,-1.055101,negative
1.361785,-0.446151,-0.364251,0.097776,-1.241289,0.219945,-1.209618,0.885198,positive
2.283431,0.280841,1.365689,-1.303264,-0.122139,0.323146,1.745721,-1.680916,positive
0.591354,1.533546,0.712386,0.052071,-0.52165,-1.24818,0.195423,-0.191697,positive
-0.611025,0.320392,-1.569001,-0.395463,0.261148,0.82396,1.448102,-0.044148,negative
0.45785,0.516987,0.491658,-0.700288,1.133384,0.087896,0.699825,1.274073,positive
0.286516,2.152795,0.243703,-0.295964,0.111967,1.482769,0.118712,0.519378,negative
-0.512859,-1.72657,0.299423,0.229735,-0.60801,0.871086,0.607567,-0.994992,positive
-0.196105,-1.483025,0.45295,-0.045215,-0.745283,0.522946,0.488093,-0.577537,positive
1.015065,-0.712667,0.38089,0.002756,2.26601,-1.862303,0.695284,-0.306245,positive
1.901589,-0.008573,2.240944,-0.442148,0.350512,-0.490848,-0.690688,0.062483,positive
0.202492,-2.105028,2.002468,-0.166997,1.742906,-1.007112,0.292536,3.164942,positive
-1.4953,-0.54651,0.472488,0.69334,1.290367,-0.257012,-1.602251,-0.43503,negative
0.465663,-1.956939,-0.035052,1.398168,2.126548,0.561687,0.309302,-1.240206,positive
0.046916,0.503198,0.580184,-0.478209,-1.151942,-0.777782,-1.156974,0.643409,negative
-0.333278,0.449878,1.522013,0.0713,1.001284,-0.399004,-0.744404,-0.674393,positive
0.994221,0.487398,3.330269,-0.032341,0.62035,0.307592,-0.221886,2.316171,positive
-1.39948,-0.399846,0.428337,0.783183,-1.348447,-2.255562,-1.906367,-0.071111,negative
0.345219,-0.769675,-1.224238,-2.023045,0.329187,0.370054,0.992994,0.790796,negative
1.349261,-0.136367,-0.660836,-0.520578,-0.584812,-2.165737,0.156326,0.249886,positive
-0.713841,0.371804,1.716871,0.038255,-0.507634,-0.591447,-0.069756,-1.264766,positive
0.061182,1.844679,0.943474,1.034029,-0.712949,0.669922,-1.139382,0.311961,negative
-0.766409,1.99938,0.567374,-1.902728,0.55286,-0.407412,0.001376,0.465765,negative
-2.039151,-1.15832,0.772624,1.301204,1.903153,1.803168,-2.055537,0.769482,negative
1.613601,0.253349,-1.141169,2.009901,0.643971,-1.891149,0.293468,-0.73114,positive
-0.465195,1.373494,-1.423286,0.317405,1.814188,-0.82696,0.210649,0.202002,negative
0.647894,0.09705,-0.943768,1.762016,0.791615,-0.167107,-0.636675,-0.784363,positive
-0.146478,0.459438,-0.184457,0.616409,-0.115979,0.763854,-0.183211,0.829587,positive
-0.11661,-0.859777,-0.94012,-0.740737,-0.984488,0.865796,-0.046602,1.570101,positive
0.024222,-1.548017,-0.381454,-0.075348,-1.488442,-0.250493,0.286946,-0.459428,positive
-0.758757,1.786684,-0.159646,-0.82993,-0.372898,0.954344,-0.684688,0.481847,negative
0.749118,1.399695,-0.550482,1.132733,-0.792854,-0.39654,1.196087,0.822375,negative
-1.191414,0.56166,-0.630373,-0.923885,-0.648134,0.246494,-2.121032,0.360763,negative
-0.584526,1.036927,0.61144,-0.606284,-0.670017,0.695151,-1.516074,-0.332622,negative
0.069877,0.211127,0.036788,1.134848,0.228063,-0.314992,-1.210855,0.72185,positive
1.45081,-0.747455,0.026418,-0.058693,-0.087611,0.01039,-1.714539,0.824986,positive
1.130473,2.249574,-0.318967,-0.036143,0.009784,1.942185,-1.73122,0.485768,negative
-2.581571,-2.020833,-1.381769,1.069025,-0.86836,-0.227458,-1.163513,0.61095,negative
1.317652,-0.993105,-0.764827,0.122741,0.024711,1.42469,0.120407,-1.207834,positive
-0.572784,0.725042,0.383793,-0.119391,0.869607,-0.528496,-0.136234,0.18076,negative
-0.098533,-0.350799,-1.045837,0.686052,-0.587645,0.343685,-1.90161,1.043187,negative
-0.777342,1.058581,-1.334471,-0.079455,0.074256,-0.998557,1.342933,1.498778,negative
-1.44899,0.808232,-1.303024,-0.388637,0.129552,0.69185,-0.223253,0.095221,negative
1.292362,-0.495314,0.339733,-0.511638,0.106323,-0.168163,-0.162464,-1.013781,positive
1.414042,0.243148,0.732335,0.838068,0.927986,0.303357,0.212257,0.864007,positive
-0.973918,0.023848,-1.888415,-0.0059,0.413372,1.235981,0.151277,0.92814,negative
-1.023476,-1.41138,-0.969734,-1.366148,0.633708,-0.207615,0.570315,0.073431,negative
1.060193,-0.645338,-0.274316,-0.532829,-1.621312,0.675217,1.188795,-0.006428,positive
1.090905,-2.344962,0.177475,0.143284,-0.570857,1.391575,0.970735,-0.261157,positive
-0.388024,-0.51212,-1.3082,1.379948,1.028,0.798166,-1.094336,2.080845,positive
0.188057,-0.904221,-0.86643,0.418549,-0.913014,-0.034211,1.088645,-1.506824,positive
1.566708,-1.237086,-1.413641,-0.283422,-1.031143,-0.263721,-2.581186,-0.228702,positive
-1.116595,-0.273069,-1.489609,0.638238,-0.225319,1.940733,0.206839,-0.37218,negative
-0.506228,-1.339308,0.301948,-0.174869,0.166315,0.375457,-0.51032,0.421576,positive
-1.1078,1.737426,-0.242803,-0.766627,2.427221,0.155022,1.370403,0.817594,negative
0.12082,-0.52532,-1.341793,-1.771711,0.10229,0.590253,0.390668,-0.305829,negative
-0.986861,-0.555161,-1.033055,-0.203275,-0.022887,-0.895988,-0.23205,-0.76032,negative
0.507088,0.178125,0.472151,-1.652015,-0.378696,0.276739,0.641162,-1.598003,positive
1.206421,-0.178611,-0.094758,0.450457,0.247118,0.674637,0.072414,0.152496,positive
-0.170438,1.253122,-0.20417,-0.168564,-0.491503,0.787186,-0.854679,0.910502,negative
-1.057781,0.205939,0.130179,0.297557,1.062537,-0.412496,0.442994,-0.909817,negative
0.632459,0.536519,0.187878,-0.785599,-0.327372,0.501779,-0.019184,0.123745,negative
0.181094,-0.691927,-1.083337,-0.154685,-1.856504,0.69857,0.852013,-0.053436,positive
-0.945369,-0.151123,-2.423734,0.180477,0.664432,-0.311895,-0.494402,0.181967,negative
1.094152,0.018397,-0.689758,-0.461265,0.181946,1.5562,-0.320273,-1.052527,positive
-2.096335,0.329794,-1.361324,-1.23351,-1.976015,-1.117988,0.568414,-1.311354,negative
0.178263,-0.341171,0.43219,0.74056,-0.008499,-1.297761,-0.1238,0.500259,positive
-1.437461,1.102612,-0.415248,-0.40923,0.015962,1.030472,0.26362,-0.333226,negative
2.147024,1.387786,0.672871,-1.12228,3.752059,-1.198657,-0.371803,-0.699889,positive
0.42024,-1.427125,0.267587,0.546906,-0.318483,-1.22019,-0.725033,-0.436849,positive
-0.51991,0.73522,-0.949947,-1.731387,-0.739393,1.348891,-0.573156,2.340809,negative
-1.164426,-0.834286,0.243372,-1.177644,2.374579,-0.990891,0.680943,1.46013,negative
-0.995861,-0.273066,0.362216,0.875752,0.056717,-1.400222,0.042324,-0.673358,negative
-0.69756,-1.432451,0.586854,1.944165,1.858754,-0.573209,-0.467394,0.688782,positive
-0.418739,-0.142636,2.206929,-0.107452,-0.485321,0.119914,0.579702,-1.021642,positive
-1.166361,-0.278264,1.876925,0.741722,-0.092543,-0.933112,-0.311408,1.050733,negative
1.450421,-1.373636,-0.290046,1.742764,-2.007839,1.188413,-1.851377,-0.09008,positive
0.824293,-3.154543,-1.91781,-0.566016,0.036895,-0.893217,-0.220867,-1.186173,positive
-0.846766,0.244021,0.58142,1.43293,-0.656419,-0.317992,0.047745,-0.294919,negative
-1.562179,0.371755,-0.915192,-0.956962,-1.588126,1.161002,-0.140609,1.149492,negative
-1.703361,-1.083696,0.757932,-0.765683,-1.090344,-0.179379,-0.176967,-1.011867,negative
-0.478493,-2.58999,0.502664,-0.811375,1.304439,-1.150124,-1.579598,1.187624,negative
-0.636174,0.597337,-0.329646,-1.655472,0.188035,-0.194323,1.283855,0.588648,negative
-1.645894,-0.021675,-1.066654,1.154751,0.821838,0.754038,-0.777332,-0.745152,negative
1.7095,0.508219,-0.26086,0.933515,0.750916,0.975264,-1.623537,-0.713836,positive
0.355421,0.957235,-1.008636,0.127209,2.205354,0.691922,0.870563,-0.019187,negative
1.80399,0.106642,1.223978,-0.875139,0.590099,0.904217,-0.752003,1.098124,positive
-0.805239,-0.001192,1.93199,0.309153,0.935785,-0.731798,0.077497,-1.176556,negative
0.835641,-0.038397,1.451296,-0.202416,-0.197936,1.276682,-0.648617,-1.519765,positive
0.414188,-2.165195,0.044529,-0.403787,1.74484,-0.728991,-0.580768,-0.910401,positive
-0.700496,-1.435924,-1.031197,-1.606585,-1.497279,-1.559675,-0.521159,-0.683689,negative
0.478271,-0.048076,-0.431976,-0.463973,1.59288,0.239814,0.475378,-2.58604,negative
-2.171007,-0.426204,0.37331,-0.674298,0.518609,-1.02275,0.575803,-1.553609,negative
0.419807,0.535921,-0.127263,1.939714,-0.41442,-0.450996,-2.759507,1.768934,positive
-1.176015,1.320904,1.235506,0.108326,-1.434922,0.418976,-0.621392,-1.170772,negative
-2.132592,0.567163,0.459355,2.051011,0.325174,-2.058431,-0.836121,0.064667,negative
0.980816,-1.959676,-0.32995,0.969861,1.54397,1.861024,-0.390219,1.097605,positive
1.19807,0.723685,0.827797,-0.789884,-1.44725,0.982848,-0.347067,-0.028134,positive
-0.392907,0.232749,-1.021859,0.0685,0.246055,-0.077355,-0.74363,0.78662,negative
-0.601243,1.234463,0.889264,-2.653252,-0.761194,-0.63584,0.781772,0.188488,negative
0.636279,-0.898917,-0.74655,-1.222889,-0.170271,-0.119103,0.171205,-0.727308,positive
0.917111,1.546519,0.711308,0.185511,0.672424,0.609752,-0.651815,1.289385,positive
1.976953,0.035226,0.32427,0.416359,-0.002546,0.619289,-0.12118,-0.193783,positive
0.164715,0.06701,0.882019,0.150333,0.291622,-0.063564,-1.220416,-0.030972,negative
0.210151,-1.181438,0.916709,0.749235,0.280428,-0.100134,0.416301,-1.964998,positive
-0.148733,0.345259,-0.079396,-1.00461,0.133446,-0.4537,-1.068597,0.329502,negative
1.196483,0.665532,0.734671,0.321667,-0.845178,-0.935627,-1.471158,2.879012,positive
-0.209832,-0.360389,-0.281098,-0.584051,-1.868345,-0.998194,-1.39067,-0.12678,negative
-0.68718,0.215879,-0.582785,0.932094,-0.38618,0.225157,-1.325297,0.656873,negative
0.408758,0.330005,-0.173443,0.217439,-0.385296,1.34611,0.934289,0.482494,negative
-1.099306,-0.663862,-0.245003,0.448016,-0.896538,1.177074,0.003595,-2.012782,negative
-2.585185,-0.751729,-0.549128,-0.61041,-0.325254,-0.394102,-0.593734,1.502497,negative
-1.141841,1.2539,-1.621367,-0.814612,1.525193,-2.239553,0.574786,-1.253494,negative
-0.180203,1.697204,-0.810603,-0.069015,0.62702,-0.251777,-0.822067,-0.0592,negative
0.884055,-0.943052,-0.449131,0.322943,-0.167167,-0.18528,-0.017003,-0.695839,positive
0.44073,-1.0951,1.165384,0.217305,-1.276541,0.283027,0.167279,0.762161,positive
-0.366419,-0.707763,-0.605982,-0.981088,-0.746442,0.284502,0.015266,-0.491357,negative
0.347886,-0.501599,-1.040157,-0.151675,-0.264494,-1.070041,0.827176,0.846012,positive
0.13104,0.527308,-0.030922,0.891292,1.656008,0.080493,0.440253,0.873452,negative
-1.128305,0.906001,-1.568764,1.788837,0.870433,0.187691,0.051096,1.751358,negative
-1.160193,-0.598136,-0.261797,-1.006469,0.153861,0.135945,-0.813857,1.603053,negative
-1.276723,0.37612,-0.207483,0.417727,-0.618971,-1.03334,-0.645543,-0.683595,negative
-0.479958,0.76143,0.588075,1.040596,0.900719,0.784353,0.769853,-0.516692,negative
-1.830127,0.291751,-0.673766,0.401545,0.527484,-1.352094,-1.013839,-0.349346,negative
0.16702,-1.155424,0.047178,-1.688486,-2.15511,0.716664,-1.305313,-0.559918,positive
-1.408871,-0.398857,-0.410128,0.982587,0.449512,-0.261119,0.757684,1.116554,negative
-0.406316,1.018603,1.768522,0.660534,1.770677,0.926599,0.848859,-1.090186,negative
-0.049483,-1.669458,-0.592954,0.867337,-0.665155,0.533191,-1.351251,-0.493641,positive
0.208512,0.290283,1.704724,1.296804,-0.876857,1.317899,-0.615244,-0.01759,positive
1.07304,-1.129267,0.451861,0.524015,0.811513,-0.210386,1.003412,-0.711544,positive
0.35224,-1.400083,0.40792,0.179305,-0.355656,-0.736254,-0.240193,-1.442157,positive
-1.128279,-0.661283,1.144899,0.585031,0.720245,1.516708,-0.312143,-1.046495,positive
0.796278,-0.326889,-1.26558,1.239151,0.575847,-1.373474,0.779954,-1.440977,positive
-1.123309,-0.637831,-0.833311,-0.613311,0.724264,0.294591,0.628732,1.092342,negative
0.079895,0.538153,1.706739,0.899078,1.381551,1.018965,1.057265,-1.78467,positive
0.212925,0.054214,-0.527255,-0.425274,0.416181,0.839976,-1.497786,0.218104,negative
-0.950803,0.392622,-0.328718,-0.659037,-0.769165,0.281299,-0.010038,-1.09164,negative
-0.182506,0.405148,-1.049715,0.488107,-0.824003,2.727745,-0.941003,-0.790126,negative
-0.902381,0.827631,1.801416,-0.38762,0.172771,-0.51776,-2.9e-05,1.431734,negative
-0.904225,1.545904,1.162061,0.486368,-0.659217,0.065708,-0.795466,0.467606,negative
-2.234962,0.926203,0.191453,1.078483,-0.13618,0.188467,1.115326,0.387797,negative
3.214391,-0.169,0.169186,1.734029,-0.805008,-1.040997,-1.432066,0.533662,positive
0.741488,-1.35356,1.005859,1.197266,-0.097311,0.032566,0.675596,0.367144,positive
-1.086086,-0.174622,-1.212473,0.631277,0.530216,-0.098815,0.296799,-1.556516,negative
-0.467271,0.129051,1.11537,-0.756501,1.197234,0.124075,0.02819,0.556046,negative
0.594106,0.061509,1.036277,-0.216807,-0.363317,0.369638,-0.059368,-1.173969,positive
1.26763,-0.093104,-0.87046,0.715937,-1.853444,-2.120267,-0.00415,0.180925,positive
-0.892783,-0.1505,-1.398733,0.219562,-1.615319,-0.149243,0.261579,-1.756626,negative
0.788146,1.548968,-1.50396,0.339918,-1.235949,-1.345258,1.596074,0.668182,negative
0.219028,0.641946,0.181293,2.247279,0.605779,-2.992982,-0.2902,-0.736576,negative
0.013466,-0.651143,-1.084918,1.363405,0.597342,-0.670739,0.67965,0.675181,positive
-1.055313,0.779882,-0.607788,1.155045,-0.192449,-2.271779,0.035354,-1.784163,negative
-0.058192,-0.401305,-1.48692,-1.115729,-0.844591,-0.248109,1.2885,0.709085,negative
1.273878,-1.368062,0.685021,-0.175235,0.236325,0.638462,-0.679575,0.801158,positive
2.411799,-0.304261,1.269175,0.64709,-1.174126,1.360622,-1.060411,-2.231995,positive
1.068953,0.052026,-0.261019,1.583682,0.711868,-0.655866,0.731533,-1.243292,positive
-1.05113,-2.200017,-1.177293,1.222328,-1.097822,-0.550032,-1.160974,0.865607,positive
0.490745,-0.105687,-1.171027,-0.973943,0.837266,-0.057407,0.774402,-3.162596,positive
-0.493967,2.172857,-0.510755,0.028269,0.660378,-0.875795,0.872738,-0.645216,negative
0.793206,0.495637,-0.724194,-0.210571,0.299912,-2.033343,-0.551749,0.938074,negative
1.278978,-0.628315,0.323257,-1.147664,0.484378,0.462728,1.136374,1.35407,positive
0.208919,-1.226164,1.323765,-1.304135,-0.43871,0.737109,0.443558,1.593065,positive
-1.690069,-0.275258,0.17406,-0.350609,1.412454,-0.247613,-1.435847,0.466789,negative
1.699892,0.270094,-1.403284,1.079392,2.369247,-2.004056,0.903074,0.484028,positive
0.343328,0.491886,-0.693005,1.41099,-1.349524,1.958563,1.527687,-1.186135,positive
1.419859,-0.490994,-0.162409,-0.402377,1.167473,-0.607683,-0.009826,0.540215,positive
-0.866432,-1.341549,-1.518256,-1.179804,-1.72055,-0.726877,0.300215,0.054095,negative
-1.018019,-0.993389,-1.387898,-1.235878,0.714362,-1.404612,0.017316,-0.618054,negative
-1.796928,0.193301,-0.333751,-0.77113,0.315213,0.155585,-1.068905,0.426277,negative
1.30947,-0.609971,1.470444,-0.196817,-1.976012,0.523096,-0.08159,-0.882351,positive
-0.471628,1.016886,-0.082701,0.750322,0.679478,0.473168,-1.032043,0.919713,negative
2.002261,0.47867,0.751126,-0.764893,-0.406142,0.096718,-1.170476,-1.170277,positive
-0.077871,0.202075,1.117104,-0.400337,0.680876,-0.144635,-0.194012,0.257068,negative
0.066357,-0.638257,-0.929839,-1.886991,-0.442891,-1.877436,0.870123,-0.239307,negative
-0.673525,0.754954,-0.594883,-0.281218,-0.369183,-0.128276,-1.699767,-0.04546,negative
2.953779,-0.213008,-0.455625,0.988477,-0.156032,0.253342,-0.874116,1.555228,positive
0.37535,1.132358,-0.304505,-0.000149,0.586513,0.682682,-1.090098,0.181483,negative
-0.74537,-0.648391,1.215978,1.596577,2.605453,-0.05655,-0.841407,-0.969482,positive
-1.538378,-0.316969,-0.566063,1.749995,-1.013344,1.101663,1.313353,-0.16677,negative
-1.538714,-0.088208,-0.215027,-2.579583,0.415377,0.355166,-1.693376,-1.412276,negative
-0.529182,-0.306366,-0.958124,-1.007857,0.306513,-0.475248,-0.106801,-0.22968,negative
-0.154275,0.861539,0.102999,0.889034,1.247082,-1.460475,0.921995,1.782822,negative
-0.031871,-0.357204,0.440834,0.519992,-0.669296,1.312557,-0.856681,-0.138319,positive
1.953438,-0.512655,0.782295,0.220042,-1.582444,-0.955188,-1.204771,-0.503317,positive
0.027949,1.277694,0.422476,2.653063,-0.243428,0.789253,0.414412,1.506567,positive
0.845258,1.629073,-0.720813,-0.074872,0.504306,-0.434779,-0.875244,1.832733,negative
1.734093,-0.508425,-0.207089,0.797139,-0.206019,-0.898868,-0.719911,0.272672,positive
0.088068,-2.257286,-0.558122,-0.180312,-0.512642,-0.993587,-0.883505,0.070521,positive
-1.398426,-0.27626,0.97705,0.334458,-0.093757,-0.450713,0.013262,-0.101064,negative
-0.715783,-1.949589,1.291057,0.822649,-0.788234,0.804878,2.448647,-0.623076,positive
0.362505,-0.236699,-1.105911,-0.555925,-0.394913,-2.315776,0.530462,-0.321731,negative
-0.419227,2.998273,-1.657285,-0.933059,0.705205,2.358468,-0.992419,1.829215,negative
1.293367,0.075395,2.229999,1.781985,-0.647723,2.935701,-1.124159,-0.313621,positive
-0.734783,-0.641351,0.13063,0.452487,0.387182,-0.745697,0.196894,0.637425,positive
0.32816,-1.252979,0.028417,-0.620594,1.319031,-1.675422,0.559733,-1.065396,positive
0.771162,0.219331,0.504939,-0.33688,0.675777,-0.049627,0.731204,0.058576,negative
-0.513658,1.517492,1.45254,0.104549,-0.126034,-0.335248,0.630561,0.579038,negative
0.66165,1.232897,-0.954865,-0.186841,0.463565,0.722753,-0.420535,-0.528678,negative
0.385233,0.429119,-0.019418,-1.364224,-1.089987,0.636824,-1.221088,0.226357,negative
-0.602229,0.026698,1.676352,0.288817,-0.295666,-1.473372,0.512238,1.136703,positive
1.165954,0.476598,-1.303275,-0.04495,0.524868,0.721012,-0.493076,-0.063365,positive
1.271293,1.005239,0.646318,0.396223,-1.025281,-1.10096,-0.091855,1.041583,positive
0.561096,-1.501556,-1.461654,1.119884,-0.034638,-1.313688,0.882167,0.258036,positive
1.25,0.346697,-0.15111,0.232296,-0.102652,-1.438797,0.927522,0.274858,negative
-0.635523,-0.828742,0.98089,-0.044055,1.487407,-1.59152,-1.075786,1.067095,negative
-1.058632,-0.526671,-0.759824,0.539328,1.118168,-1.586919,-0.290776,0.014244,negative
0.833256,0.119847,-0.579803,-1.111894,-1.824709,-0.371112,0.01441,0.921725,positive
2.323704,-0.07648,-0.483344,0.380595,-0.970559,0.208908,-2.064097,0.676094,positive
0.210571,0.154809,-1.273756,-0.898621,1.566425,0.494598,-0.597263,0.421081,negative
1.954484,1.110351,0.411169,-0.449185,1.78369,-0.101549,-0.870512,-1.220246,positive
-0.364085,0.765401,0.913185,1.15107,0.152977,0.831493,2.259316,0.910289,positive
-1.510639,-0.741799,-0.751115,-2.677034,0.073678,1.392449,-0.535317,0.195442,negative
-0.491728,0.28531,-1.195776,1.174033,-1.918759,0.322234,-0.491482,1.489145,negative
-2.084159,-2.422397,-1.001356,-0.502226,-0.189007,0.030245,0.673596,-1.365991,negative
0.252461,-0.360981,-0.103373,-0.64183,-0.173209,1.486507,-1.62327,-1.22553,positive
1.567408,-0.205649,-1.262716,-2.00112,0.260542,-1.249354,2.175579,2.341604,positive
0.485462,-0.117913,1.141796,-0.00307,0.063357,1.360403,0.626183,2.130981,positive
-0.555582,-0.903906,0.841779,-0.49359,0.602332,-1.168988,-0.094341,2.296995,positive
-1.878532,0.364586,0.826353,-0.493407,-1.10238,0.661988,0.100825,0.552541,negative
2.331165,-0.913841,-0.495999,0.514885,0.731742,-1.378714,1.297313,-1.458118,positive
-0.307027,-0.707625,1.13325,-2.347053,-0.730783,-0.902764,0.874897,1.550421,positive
1.395285,-2.224554,0.1636,-1.383033,-0.374965,0.244672,0.094625,1.375754,positive
-0.835736,-1.48063,-1.638791,1.005779,0.182419,1.556614,1.185206,0.06815,negative
0.991792,-0.691603,-1.199424,-1.15041,0.121857,1.26553,0.052609,1.224429,positive
-0.426449,2.721174,1.821045,0.196907,-0.832195,-1.609029,0.401358,-0.255512,negative
0.323041,0.436276,1.142228,0.31422,-0.723444,-0.770549,0.583127,-1.071827,positive
0.714193,-0.043883,-0.781423,-1.776339,-1.123965,-1.62593,0.026671,-0.442288,negative
0.872605,0.129328,0.047587,0.558117,1.036452,-1.602824,0.70668,-1.808937,positive
