patient_id,radius_mean,texture_mean,perimeter_mean,area_mean,smoothness_mean,compactness_mean,concavity_mean,concave_points_mean,symmetry_mean,fractal_dimension_mean,radius_se,texture_se,perimeter_se,area_se,smoothness_se,compactness_se,concavity_se,concave_points_se,symmetry_se,fractal_dimension_se,radius_worst,texture_worst,perimeter_worst,area_worst,smoothness_worst,compactness_worst,concavity_worst,concave_points_worst,symmetry_worst,fractal_dimension_worst
PAT-001,15.341785382528082,18.746942795315263,102.36301660961108,1035.7574641020065,0.0927218527538733,0.09329315215254097,0.2143370252405913,0.07969738916611635,0.16832419157975628,0.06679792030510176,0.3215848152937568,1.0104216108933843,3.1845509530358447,0.0001,0.0018252465024609019,0.014878824473662493,0.0001,0.01671370998892911,0.011827783320309104,0.0009753925973294171,21.12977069122544,24.458230347324054,107.62067691251018,338.5956892388864,0.12002358006044599,0.2717476143535786,0.019781412967093404,0.1525698018345672,0.2539616786048717,0.07874951250372103
PAT-002,12.595733469426508,26.709112738035753,91.78404440419305,390.57226776102493,0.10751562876944465,0.04395781750144888,0.10470908760038043,0.0001,0.14513897667974238,0.06437802865108387,0.5379239843991739,1.2971157265354867,2.7196572328952873,32.77240761026778,0.0025644340288977175,0.012042804248895247,0.015877643016407438,0.027856833393283736,0.023092564606116153,0.00027391968927453205,17.134293892881782,23.58204745771026,89.753871992657,1112.4369897595298,0.15468198949491094,0.40300481905859176,0.08837214489101955,0.08407876241487855,0.3098758058842138,0.10155981228820246
PAT-003,12.902064405386774,18.55736409334473,74.29864041590355,355.9483439798323,0.10737536151351877,0.17281200142854114,0.08223919027357329,0.08914131591568097,0.19076417267628612,0.05848416171776413,0.47005120899151454,1.912116454909686,2.823426149157063,79.41609139535015,0.0001,0.03979424507875403,0.035046647388335996,0.007514889743011988,0.02082584698881952,0.0001,15.231148392568707,27.664119143314604,141.46945707379638,683.057317056014,0.11421314073634987,0.17371887302647415,0.4743884658944563,0.14787511096596845,0.25821438777397765,0.09323881379604042
PAT-004,14.3426938733701,23.174579962131556,80.76715049796236,573.0844633505579,0.09051048585614979,0.03182425259339407,0.11168962216516608,0.059442210887195576,0.18113806332934643,0.061357890066373974,0.1502332664309255,1.0307096047555884,2.4244711285152,20.243068269459524,0.006516142865001973,0.03227291542266169,0.09801650654236857,0.014618667192477584,0.02231795351650488,0.0036511081684676657,9.284300746453354,25.554173685029305,107.44552503858463,1816.0320027444086,0.1277680587748153,0.302247574773378,0.2653634106648465,0.0001,0.3585693688709012,0.09753479458836194
PAT-005,16.077579867607618,15.662450180821045,114.44470897497759,304.5372343019298,0.10421599931320379,0.21452278129049893,0.008757093989544926,0.026348090815889125,0.1836905868573663,0.05947567042118661,0.12588058240809613,1.2508533386627123,1.4890051721560638,52.13981076587954,0.004241727297298591,0.05289881929031571,0.004586134768231699,0.007169077256914866,0.02732165495632703,0.0013382713671320893,16.796109771114452,32.889285148553355,67.42040237053054,950.1608662422756,0.13771742147346533,0.3790916594843696,0.0008708436068219916,0.0001,0.32131649393701384,0.08934572411819736
PAT-006,14.72623212586469,20.685792837987904,81.11960445474415,713.0634242902509,0.10010301462618154,0.0692824290986816,0.23726196089158053,0.0679533168364715,0.14883480557552847,0.06759587526043681,0.22955729935908217,1.5741880716841035,4.3761742527096255,19.782942041207235,0.009890128387732965,0.03243005668485697,0.060772105599807155,0.04045189473980921,0.017791506955974166,0.0022925276712850206,12.88669949631067,21.21304343269009,104.1495589740615,1009.6377504303247,0.13808719758526042,0.3863493198457638,0.27586041621313956,0.2603534077157317,0.27412059000572264,0.13296304499861314
PAT-007,15.664168369412515,15.87136977433487,74.8657200310222,775.6181038107964,0.09287152100543809,0.1407000247046046,0.1258590099658836,0.04608684349372509,0.15813656961215306,0.052396069427198946,0.3246273086279362,1.6053794574455624,3.1483218673692654,9.156530532200296,0.0075195427775535464,0.03193571283511906,0.001064989732960344,0.01430587658918292,0.020523878466014,0.0015140594043387538,17.25225576121899,28.78431489502529,131.99322983620664,1280.4447797732632,0.10169127390494401,0.10394799361358034,0.3863077587859052,0.16637859509122088,0.32090286117836286,0.15334916683178498
PAT-008,15.527226276732918,23.842262560722396,107.26402821589124,817.8478128264495,0.09158623057503516,0.14294846102466335,0.02617398283699425,0.03952725573039965,0.1678951842086142,0.06357311897570425,0.8216385420012315,0.3797306633337133,3.7621382474868676,0.0001,0.005584204402631699,0.04460111074541259,0.0342498006683412,0.0001,0.013562266616660287,0.005159195497869352,13.443716788990022,26.89052224270086,107.09372415769153,632.3918679097895,0.17916676996515718,0.3554270435708818,0.0001,0.13364543147694277,0.2502928121138967,0.09934380002633203
PAT-009,12.118698153918249,18.841054234132404,100.07979646368732,871.4387985425303,0.07919585030121913,0.08827493820795257,0.0500043751071235,0.022866830697051525,0.22866726448758962,0.06583487197672669,0.1780408882196919,1.6330378761746491,5.628803056116423,66.11163151377866,0.00244189010213796,0.01628378668840748,0.0763418902215318,0.0013849580157182899,0.023994374853316056,0.005349268106858674,12.75574334947671,25.372610541660098,28.209583838342255,490.7326962929699,0.12644350066935048,0.054354690885624085,0.6321304868649598,0.0001,0.26359733079818093,0.08635333039114965
PAT-010,17.703183222665288,13.556551395282243,110.61062003447935,657.5582652548968,0.08225887888532869,0.12810517371316354,0.1039247756458776,0.024991324913648215,0.1828846562947305,0.060302804821967676,0.42543312214522466,1.517958803534471,4.931821860988958,9.354612529328772,0.013399100123968801,0.0001,0.026687521673754586,0.02082475809726865,0.022528926809615293,0.002554600960358812,15.271572123749536,22.98849485937642,91.85524583333893,1202.8487968679892,0.13985434069123104,0.14313446475829533,0.47091197259531514,0.14572995208766093,0.3387717271303376,0.09533331915462502
