feature_1,feature_2,feature_3,feature_4,feature_5,feature_6,feature_7,feature_8,feature_9,feature_10,feature_11,feature_12,feature_13,feature_14,feature_15,feature_16,feature_17,feature_18,feature_19,feature_20,feature_21,feature_22,feature_23,feature_24,feature_25,feature_26,feature_27,feature_28,feature_29,feature_30
1.6905,-0.6254,1.6507,-0.7426,0.8407,1.912,-0.3688,1.4976,0.6547,0.5487,-0.8645,-0.288,-0.3904,-0.6169,-0.7111,0.0145,-0.9293,-0.8171,-0.4784,0.2734,-1.6834,-1.1371,0.1783,-0.1269,-0.1328,-0.1669,1.2446,-0.013,-0.5878,0.4921
-0.4659,-0.1715,0.1543,1.0725,-0.18,0.2373,-1.9064,-0.2826,0.8944,0.6766,0.3744,0.2998,-0.8459,-0.3623,0.4961,-1.7936,0.4118,0.1923,0.3854,-0.7491,1.015,-0.3169,1.7403,-0.5191,-1.8999,-0.2298,0.8139,1.393,-2.1223,-0.0305
0.0328,0.5053,-0.3871,-1.6511,0.5681,0.1014,-0.0996,0.1086,0.4155,-0.0122,0.3915,1.0559,0.6371,-0.521,-0.5309,-0.1939,1.8601,-0.091,0.3007,1.0824,-1.4415,0.5931,-0.2195,0.9731,1.2754,-0.1854,-1.7654,0.4995,-1.7688,1.2821
0.4075,-0.2614,2.0291,0.5354,-0.7528,0.2526,1.6995,1.4382,-0.9235,-0.0757,-1.4431,0.5659,0.1306,0.2097,-1.122,0.6973,-1.4973,0.9541,1.2193,-0.8074,-1.3436,-0.2998,-0.2273,0.097,0.0194,0.4385,0.3771,-0.7239,-0.223,-0.9512
-0.7889,-0.2427,-0.0454,-2.0644,-1.7083,-0.1324,-0.3834,1.5033,-0.196,-0.6736,0.4863,-1.2335,-0.0758,-1.078,-1.2435,1.0919,0.4763,-0.9403,0.1166,-2.0526,-0.3617,0.4755,-1.0401,0.3966,0.7364,0.0603,1.4604,0.6046,0.7607,-0.4203
0.0021,-1.4532,-1.4507,-0.6622,-1.8031,-0.3095,-0.8899,-0.2127,-0.5908,-0.0559,-0.5695,0.1829,0.7813,-1.8324,-0.5149,1.7144,1.1123,-0.1313,-1.8538,2.0638,0.7885,-0.5733,0.0228,1.1714,-1.1729,0.9758,0.0626,0.936,-0.0891,1.0264
-0.0009,0.5546,-0.4052,-1.2042,0.3831,-1.435,-1.1936,0.332,-0.2997,2.2599,1.4267,0.0222,0.4886,0.0882,-0.2734,-1.5563,-0.6966,0.9611,-1.3699,-1.9107,0.3001,-0.5924,0.6828,1.1453,1.2882,-0.4682,-0.516,-0.5685,0.4718,1.8378
-1.7547,0.1239,-2.2883,1.462,2.2476,0.5016,-1.05,0.735,1.2969,0.869,0.1568,-0.4291,0.3622,-1.3365,-0.8235,0.7587,0.583,0.5608,0.7312,0.6364,0.8108,0.0392,-0.7403,-0.3472,-0.5883,-0.996,0.3092,-0.4258,-1.1015,0.0084
1.0177,0.2745,1.0494,1.7662,0.2694,-0.0948,-0.3002,-0.1929,1.5296,-0.3421,1.7177,-0.6481,0.9642,-1.952,-0.2811,1.2063,-1.0709,-1.3246,-0.2583,0.9389,-0.4436,-0.1949,-0.0497,-0.5254,-0.1077,-0.0191,-0.5032,-2.3052,-1.3414,1.6795
0.6005,-1.5265,-0.4165,-0.3294,-0.5246,1.1931,-1.18,-1.778,0.6694,-0.4719,-0.4581,1.7476,0.2836,0.3733,-1.5361,0.9806,-0.8122,0.6652,1.138,0.1471,-0.1722,0.5924,0.7186,0.2843,-1.4014,0.6284,0.6391,0.9034,0.8857,-0.6025
